snr,c1000
snm0000,
snm0001,
snm0002,
snm0003,
snm0004,
snm0005,
snm0006,
snm0007,
snm0008,
snm0009,
snm0010,
snm0011,
snm0012,
snm0013,
snm0014,
snm0015,
snm0016,
snm0017,
snm0018,
snm0019,
snm0020,
snm0021,
snm0022,
snm0023,
snm0024,
snm0025,
snm0026,
snm0027,
snm0028,
snm0029,
snm0030,
snm0031,
snm0032,
snm0033,
snm0034,
snm0035,
snm0036,
snm0037,
snm0038,
snm0039,
snm0040,
snm0041,
snm0042,
snm0043,
snm0044,
snm0045,
snm0046,
snm0047,
snm0048,
snm0049,
snm0050,
snm0051,
snm0052,
snm0053,
snm0054,
snm0055,
snm0056,
snm0057,
snm0058,
snm0059,
snm0060,
snm0061,
snm0062,
snm0063,
snm0064,
snm0065,
snm0066,
snm0067,
snm0068,
snm0069,
snm0070,
snm0071,
snm0072,
snm0073,
snm0074,
snm0075,
snm0076,
snm0077,
snm0078,
snm0079,
snm0080,
snm0081,
snm0082,
snm0083,
snm0084,
snm0085,
snm0086,
snm0087,
snm0088,
snm0089,
snm0090,
snm0091,
snm0092,
snm0093,
snm0094,
snm0095,
snm0096,
snm0097,
snm0098,
snm0099,
